pattern,tag,response
hi,greeting,"Hello! I can help you with anything regarding the college."
hello,greeting,"Hi there! How can I assist you today?"
hey,greeting,"Hey! I am here to help you with college queries."
hlo,greeting,"Hi! I can answer your questions about the college."
whatsup,greeting,"Nothing much! How can I assist you today?"
howdy,greeting,"Howdy! I can guide you about the college facilities."
greetings,greeting,"Greetings! Let me know your college-related questions."
good morning,greeting,"Good morning! How can I assist you with college info?"
good afternoon,greeting,"Good afternoon! What would you like to know about the college?"
good evening,greeting,"Good evening! Feel free to ask about college facilities."
hello there,greeting,"Hello there! How can I assist with your college queries?"
hi there,greeting,"Hi there! Ask me anything about the college."
hey there,greeting,"Hey there! Ready to help you with college information."
morning,greeting,"Morning! What college info do you need today?"
evening,greeting,"Good evening! How may I assist you with your questions?"
afternoon,greeting,"Good afternoon! How can I help you regarding college?"
hiya,greeting,"Hiya! What's your college question?"
sup,greeting,"Sup! How can I help with college details?"
yo,greeting,"Yo! Need help with anything college-related?"
hello friend,greeting,"Hello friend! How can I support you about the college?"
whats going on,greeting,"Not much! How can I assist regarding college?"
nice to meet you,greeting,"Nice to meet you! How can I help you today?"
welcome,greeting,"Welcome! Feel free to ask about the college."
how are you,greeting,"I'm good, thank you! How can I help you with college queries?"
pleased to meet you,greeting,"Pleased to meet you! What do you want to know about the college?"
good day,greeting,"Good day! Let me know how I can assist with college info."
greetings and salutations,greeting,"Greetings and salutations! What college info do you require?"
hey buddy,greeting,"Hey buddy! Here to help you with the college."
hello buddy,greeting,"Hello buddy! Ask me your college questions."
what's up,greeting,"What's up? How can I serve your college info needs?"
alright,greeting,"Alright! How can I assist you regarding college?"
hey there,greeting,"Hey there! Need help with any college matter?"
hiya friend,greeting,"Hiya friend! What would you like to know about the college?"
hey pal,greeting,"Hey pal! How may I assist you today?"
hows it going,greeting,"How's it going? I can help you with college info."
hiya mate,greeting,"Hiya mate! Ask anything about the college."
hola,greeting,"Hola! How can I assist you with college queries?"
bonjour,greeting,"Bonjour! Need help with something related to college?"
ciao,greeting,"Ciao! How may I help you with college information?"
wassup,greeting,"Wassup! How can I assist you today?"
hey dude,greeting,"Hey dude! Let me know your college questions."
salutations,greeting,"Salutations! How can I assist you with college info?"
g'day,greeting,"G'day! What do you want to know about the college?"
howdy partner,greeting,"Howdy partner! How can I help you?"
hello mate,greeting,"Hello mate! Need help with college?"
greetings mate,greeting,"Greetings mate! What college questions do you have?"
what's happening,greeting,"What's happening? How can I assist with college info?"
hi hi,greeting,"Hi hi! How can I assist with your college queries?"
good to see you,greeting,"Good to see you! How can I help you with college info?"

what is the admission process,admission,"The admission process includes filling out the form, submitting documents, and attending counseling."
how do I apply for admission,admission,"You can apply online through the college portal or offline at the admissions office."
what documents are required for admission,admission,"You need 10th and 12th mark sheets, ID proof, and passport-size photos."
when is the admission deadline,admission,"The admission deadline usually falls in June for most courses."
can I apply online for admission,admission,"Yes, you can apply online via the college website."
is there an entrance exam for admission,admission,"Some courses require an entrance exam for admission."
admission helpline number,admission,"Please check the college website for the admission helpline."
admission dates for new session,admission,"Admission dates are usually announced in April each year."
eligibility criteria for courses,admission,"Eligibility varies by course, check on our website for details."
do I need originals for admission,admission,"Yes, originals and photocopies must be presented during admission."
can I get admission after deadline,admission,"Late admissions depend on seat availability; contact admission office."
how to check admission status,admission,"You can check your admission status on the student portal."
admission cancellation policy,admission,"You can cancel admission as per the college's refund policy."
can I submit documents after applying,admission,"Documents should be submitted before or by the deadline."
do I need to attend counseling,admission,"Counseling is mandatory for final admission confirmation."
what is the fee for application form,admission,"The application form fee is mentioned on the admission page."
is admission open now,admission,"Yes, current admission session details are on the website."
can I get admission on management quota,admission,"Management quota admission policies are shared by the admission office."
how to change course after admission,admission,"Course changes are possible with approval and depending on vacancies."
what steps after admission,admission,"After admission, you must complete fee payment and attend orientation."
can I withdraw admission,admission,"Admission withdrawal is possible with refund per college policy."
are admissions conducted yearly,admission,"Yes, admissions are conducted annually."
what is the application procedure,admission,"Fill the form, upload documents, pay fee, and attend counseling."
can I get admission for diploma holder,admission,"Lateral entry options are available for diploma holders."
how to apply for hostel after admission,admission,"Hostel applications open after confirming admission."
can I get direct admission,admission,"Direct admission depends on seat availability and eligibility."
are entrance exams conducted online,admission,"Some entrance exams are online; check specific course details."
how to prepare for admission exam,admission,"Prepare with previous year papers and syllabus from the college site."
does admission include hostel,admission,"Hostel is separate and needs a separate application."
can I apply for multiple courses,admission,"Multiple course applications may be allowed; check admission guidelines."
how to get admission if I missed deadline,admission,"Late admission may be allowed based on seats and approval."
is there reservation for disabled,admission,"Yes, reservation policies applicable for differently-abled candidates."
can I apply for scholarship during admission,admission,"Apply for scholarships after admission via the scholarship portal."
what documents needed for verification,admission,"Originals and photocopies of educational certificates and ID required."
can I get admission without entrance exam,admission,"Direct admission may be possible for some courses."
are admission forms available offline,admission,"Offline forms are available at the admission office."
how to fill application form online,admission,"Use the online portal; fill details, upload documents, and pay fees."
can I get admission on sports quota,admission,"Yes, sports quota admissions are available."
what is lateral entry admission,admission,"Lateral entry allows diploma holders to join second year."
what is merit list release date,admission,"Merit lists are published post-application on the college website."
how to know my rank in admission,admission,"Rank list available on official admission portal."
what is provisional admission,admission,"Provisional admission allows temporary enrollment pending final verification."
can I pay admission fee in instalments,admission,"Instalment payment options may be offered; inquire at office."
can I apply for admission after 12th,admission,"Yes, once your 12th results are out, you can apply."
how to contact admission office,admission,"Contact details are available on the official website."

what is the tuition fee,fees,"The tuition fee varies based on the course. Please visit the fees section on the website."
how much is the fee for BTech,fees,"The BTech tuition fee is approximately X LPA per year."
are there any scholarships,fees,"Yes, scholarships are available based on merit and income."
how to apply for scholarship,fees,"You can apply for scholarships through the scholarship portal."
fees for MBA program,fees,"The MBA fee is Y LPA per year. Please check the website for updates."
are there instalment options for fee payment,fees,"Yes, instalment options are provided for fee payment."
is hostel fee included in tuition,fees,"No, hostel fee is charged separately."
are late fee charges applicable,fees,"Late fee charges are applicable if fee is not paid on time."
fee refund policy,fees,"You can read about the refund policy on the fees section."
where to pay fees,fees,"Fees can be paid at the college counter or online through the portal."
how to get fee receipt,fees,"Receipts are issued immediately after fee payment."
what is the mode of fee payment,fees,"Fee can be paid online, via cheque, or at the cashier."
do fees differ for international students,fees,"Yes, international students have a different fee structure."
what is the fee waiver policy,fees,"Fee waivers are available for eligible students under schemes."
are exam fees included in tuition,fees,"Exam fees are usually separate from tuition fees."
how to check fee status,fees,"Check fee payment status on student portal."
any discounts for early fee payment,fees,"Early payment discounts may be offered periodically."
how much is the hostel fee,fees,"Hostel fee varies; check hostel office for latest rates."
can I pay fee through bank challan,fees,"Yes, bank challans are accepted for fee payment."
is fee refundable on withdrawal,fees,"Refunds follow college withdrawal policy."
how to pay fee in instalments,fees,"Contact accounts for instalment plans and process."
fees for lateral entry students,fees,"Lateral entry students fee details available in admission section."
how to apply for fee concession,fees,"Apply through the finance office with necessary documents."
are library fees separate,fees,"Library fees may be included or separate based on policy."
can fee be paid via UPI,fees,"Yes, UPI payment options are available online."
is there a fine for late hostel fee,fees,"Late payment attracts fines as per hostel rules."
what is the total fee for 4 years,fees,"Total fees depend on the course; check fee structure document."
how much is examination fee,fees,"Examination fee details are provided before exams."
do I need to pay alumni fee,fees,"Alumni fee is separate and collected upon graduation."
can fee be paid via cheque,fees,"Cheque payments are accepted with prior approval."
how is fee structure decided,fees,"Fee structure is decided by college administration annually."
what bank accounts are used for fee payment,fees,"Official bank details are on the payment portal."
who to contact for fee issues,fees,"Contact the finance department for any fee issues."
are there scholarships for sports students,fees,"Sports scholarships are available on application."
how to submit scholarship documents,fees,"Submit documents to scholarship office by deadline."
can I get fee receipt online,fees,"Receipts for online payments are downloadable from portal."
is fee payable in one go,fees,"Payment can be full or in instalments as per policy."
are fee details available on website,fees,"Complete fee details are available online."
do fees cover internship costs,fees,"Internship costs are usually separate from fees."
can I defer fee payment,fees,"Deferrals require approval from finance office."
how to pay fee for new admission,fees,"Fee payment instructions are sent after admission confirmation."
are fees revised,fees,"Fees are revised annually; refer to official notice."
how to check scholarship application status,fees,"Status is available on the scholarship portal."
does fee include exam materials,fees,"Exam materials are typically not included in tuition fee."

list all courses,courses,"We offer engineering, arts, science, and management courses."
what departments are there,courses,"Departments include CSE, ECE, MECH, CIVIL, MBA, and more."
what is the duration of BTech,courses,"BTech is a 4-year undergraduate program."
what courses are offered in management,courses,"We offer MBA, BBA, and other management courses."
is there BSc program,courses,"Yes, BSc programs are offered in multiple disciplines."
what is the syllabus for engineering,courses,"You can download the syllabus from the respective department page."
can I switch courses after admission,courses,"Course switch depends on eligibility and seat availability."
course timings,courses,"Timings vary by course; detailed schedule available on website."
what are elective courses,courses,"Elective courses are options offered in the third and fourth year."
is there distance learning option,courses,"Some courses offer distance mode; check our admissions page."
can I do dual degree courses,courses,"Yes, dual degree options are available for select courses."
what are short term courses available,courses,"We offer short-term certification courses through continuing education."
how to get course syllabus,courses,"Syllabus PDFs are available on the respective department pages."
are there online courses,courses,"Some courses are available online; check course catalogue."
how many courses does college offer,courses,"Over 30 undergraduate and postgraduate courses are offered."
do we have part-time courses,courses,"Part-time courses are offered in some departments."
what is the course fee structure,courses,"Fee structure varies; details available on the course page."
are language courses available,courses,"Foreign language courses are offered as electives."
can I change my major,courses,"Major changes are allowed in the first year based on rules."
what are PG courses offered,courses,"Postgraduate courses include MTech, MBA, MCA, MSc, and MA."
what certificate courses are there,courses,"Certificate courses in IT, management and languages are available."
what is the minimum qualification for courses,courses,"Minimum qualification is 10+2 for UG and UG degree for PG."
how to apply for a course,courses,"Select the course during admission form filling."
any diploma courses offered,courses,"Diploma courses are available in engineering and management."
does college offer research courses,courses,"PhD and research programs are offered in select disciplines."
can I join lateral entry courses,courses,"Lateral entry for diploma holders admitted to 2nd-year courses."
what is the duration of MBA course,courses,"MBA is a 2-year full-time program."
are crash courses offered,courses,"Crash courses for competitive exams are occasionally available."
is there a specialization option in courses,courses,"Many courses offer specialization in final year."
are internship credits part of the course,courses,"Some courses have mandatory internship credits."
how to know course curriculum,courses,"Curriculums are published on department pages."
is there a BTech in ECE,courses,"Yes, BTech in Electronics and Communication is offered."
how do I choose a course,courses,"Choose based on interests and career goals."
can I do an MBA after engineering,courses,"Yes, BTech graduates can apply for MBA."
are weekend courses available,courses,"Limited weekend courses are offered in management."
do courses have practical labs,courses,"All science and engineering courses have labs."
can I do a minor in another course,courses,"Minors are available for eligible students."
how to get course timetable,courses,"Peer portal and notice boards display timetables."
are there workshops in courses,courses,"Workshops are conducted as part of curriculum."
do courses have theory and practical classes,courses,"Yes, most courses have both theory and practical."
can I drop a course after joining,courses,"Drop/add course rules apply during initial weeks."
is there a fee difference in courses,courses,"Fee varies by program and duration."
can I audit a course,courses,"Auditing is possible with permission."
how to get credits for courses,courses,"Credits assigned per course; details in syllabus."

is hostel available,hostel,"Yes, we provide hostel facilities for both boys and girls."
what are hostel rules,hostel,"Hostel rules include fixed timings, no outside food, and mandatory attendance."
how to apply for hostel,hostel,"You can apply for the hostel while filling the admission form."
is there mess facility,hostel,"Yes, the hostel provides a mess facility with breakfast, lunch, and dinner."
can parents visit hostel,hostel,"Parents can visit during designated hours."
what is hostel fee,hostel,"Hostel fee is charged separately; check the hostel brochure."
can I choose single room in hostel,hostel,"Single and shared rooms are available based on preference and availability."
are hostel rooms air-conditioned,hostel,"Some rooms offer air conditioning; details available with hostel office."
hostel committee contact,hostel,"Contact details are listed in the hostel section on website."
is hostel available for first year students,hostel,"Yes, hostel is available for first years subject to seat availability."
how to get hostel admission,courses,"Hostel admission is granted post admission confirmation."
can I change hostel room,hostel,"Room changes require approval from hostel administration."
what facilities are available in hostel,hostel,"Facilities include Wi-Fi, mess, laundry, and study rooms."
are visitors allowed in hostel,hostel,"Visitors are allowed during visiting hours only."
how to pay hostel fee,hostel,"Hostel fee payment details are provided during admission."
can I stay off-campus,hostel,"Yes, off-campus housing is allowed but not managed by college."
does hostel have security,hostel,"24/7 security is provided in hostels."
what is the hostel capacity,hostel,"Hostel capacity is around 500 students."
can I get hostel if I am a day scholar,hostel,"Hostel reserved for full-time residential students."
are pets allowed in hostel,hostel,"Pets are not allowed in hostel premises."
is there a medical facility in hostel,hostel,"Basic medical facilities available, with doctor visits."
how to contact hostel warden,hostel,"Contact details of warden are available on notice board."
are laundry services provided,hostel,"Laundry services are available on campus."
hostel internet facility,hostel,"Wi-Fi is accessible in all hostel blocks."
can visitors stay overnight in hostel,hostel,"Overnight stay for visitors is not permitted."
is guest room available in hostel,hostel,"Guest rooms available for relatives on request."
how to complain about hostel issues,hostel,"Lodge complaints with hostel office or warden."
what items are prohibited in hostel,hostel,"Alcohol, cigarettes, and pets are prohibited."
is cooking allowed in hostel rooms,hostel,"Cooking in rooms is not allowed."
how are hostel rooms allocated,hostel,"Rooms allocated based on application date and availability."
can siblings stay together in hostel,hostel,"Room allocation policies differ; inquire at office."
are mess charges included in hostel fee,hostel,"Mess charges are separate from hostel fee."
how often is the hostel fee paid,hostel,"Hostel fee is paid annually or semester-wise."
can I apply for hostel mid-year,hostel,"Mid-year applications considered if vacancies exist."
is room rent separate from hostel fee,hostel,"Hostel fee includes room rent."
do hostels have curfew,hostel,"Yes, hostels have curfew timings."
can I extend hostel stay after course,hostel,"Extensions require approval and payment."
are hostel complaints confidential,hostel,"Complaints are handled confidentially."
how long can guests stay in hostel,hostel,"Visitors allowed only for a few hours."
is there parking in hostel,hostel,"Limited parking available for hostel residents."
can I bring electrical appliances to hostel,hostel,"Certain appliances allowed; check hostel rules."
is hostel mandatory,hostel,"Hostel stay is optional."
are there recreational areas in hostel,hostel,"Hostel has common rooms and sports facilities."
how is hostel discipline maintained,hostel,"Discipline maintained by wardens and student committee."
can I get mess menu online,hostel,"Mess menu is posted on hostel notice boards."
is hot water available in hostel,hostel,"Hot water facility available in winter."
how to book hostel for summer,hostel,"Summer booking details at hostel office."
is there a hostel portal,hostel,"Hostel info and applications are on the student portal."
can I cancel hostel after allotment,hostel,"Cancellation subject to rules and refund policies."
how to extend hostel stay,hostel,"Apply for extension through hostel office."
does hostel provide bedding,hostel,"Basic bedding provided; personal items recommended."
are guests allowed in hostel during exam time,hostel,"Visitor restrictions apply during exams."

where is the library located,library,"The library is located in AB-1, 2nd floor."
can I borrow books from library,library,"Yes, students can borrow books for up to 15 days."
what are library timings,library,"Library is open from 9 AM to 6 PM on weekdays."
does library have digital access,library,"Yes, the library has online access to journals and e-books."
can alumni use library,library,"Alumni privileges for library use are available; contact library staff."
how many books can I issue,library,"Students can issue 3 books at a time."
library catalogue access,library,"Library catalogue is accessible through the online portal."
is there reading room in library,library,"Yes, reading rooms are available for students."
are reference books issued,library,"Reference books are for reading inside library only."
library membership,library,"All admitted students get automatic library membership."
how to renew borrowed books,library,"Renew books online or at the library before due date."
can I reserve a book,library,"Books can be reserved via the online portal."
are e-books available,library,"E-books and journals accessible remotely with login."
can I access library on weekends,library,"Library open Saturday 10 AM to 4 PM; closed Sundays."
is photocopying facility available,library,"Photocopy services available at a nominal charge."
how much fine for late return,library,"Late return fine is Rs. 5 per day per book."
can I access international journals,library,"Subscribed international journals are accessible through library."
is there a library app,library,"Library app available for quick search and renewals."
can I get library membership without admission,library,"Library membership is only for enrolled students."
who to contact for library issues,library,"Contact librarian or use the help desk."
are newspapers available in library,library,"Daily newspapers are available in the reading area."
can I access thesis and dissertations,library,"Theses and dissertations are archived here."
is group study allowed in library,library,"Group study rooms available by booking."
can I suggest new books for library,library,"Suggestions can be submitted to librarian."
how to access digital library from home,library,"Login to library portal using your student credentials."
what is the maximum borrow duration,library,"Maximum borrow period is 15 days."
can I get inter-library loan,library,"Inter-library loan available for research scholars."
is library quiet zone available,library,"Designated quiet zones for focused study."
are magazines available,library,"Academic and general magazines are stocked."
can faculty access library resources,library,"Faculty have extended borrowing privileges."
is Open Access content available,library,"Open Access resources are accessible without login."
can I donate books to library,library,"Book donation accepted with prior approval."
how often is library updated,library,"Library updates collections every semester."
are library workshops conducted,library,"Information literacy workshops conducted regularly."
can I use my ID card for library access,library,"College ID card is used for library entry."
does library have computer terminals,library,"Computer terminals with internet access are available."
can I get library receipts,library,"Receipts issued for all transactions."
is library membership free,library,"Library membership is free for students."
how to report lost library books,library,"Report lost books to librarian immediately."
is scanning allowed in library,library,"Scanning allowed with permission."
how many seats are there in library,library,"Library seating capacity is around 200."
can I extend library hours during exams,library,"Extended hours available during exams."
what should I do if library book is damaged,library,"Report damage to librarian; fees may apply."
are rare books section available,library,"Rare books maintained in a special collection."
is Wi-Fi accessible inside library,library,"Free Wi-Fi available throughout library."
how to use library databases,library,"Training sessions on database use offered regularly."
can I access past question papers,library,"Past question papers are available digitally."
do we have audio books in library,library,"Audiobooks collection available on digital platform."
are there library lockers,library,"Lockers available for short term use."
is food allowed in library,library,"Food and drinks are not permitted inside library."
how are book requests handled,library,"Requests processed within 3 working days."
can I volunteer in library,library,"Volunteer opportunities advertised on notice board."
are e-resources accessible on mobile,library,"E-resources optimized for mobile use."

is there bus facility,transport,"Yes, buses are available for most city routes."
how do I reach the college,transport,"The college is located 10 km from the AP Secretariat and reachable by bus or auto."
is there a metro nearby,transport,"The nearest metro station is 5 km from the college."
are there parking facilities,transport,"Yes, there is a parking lot for students and staff."
can I use bicycle at campus,transport,"Bicycle parking and use are encouraged on campus."
bus timings,transport,"Bus schedule is published at the transport office and online."
is college shuttle service free,transport,"Shuttle service is available for registered students at nominal rates."
transport pass,transport,"Transport passes can be collected from admin office."
can parents use bus facility,transport,"Parents can use the bus service during admissions and college events."
is transport available on weekends,transport,"Limited transport facility is offered on weekends."
how to apply for bus pass,transport,"Apply for bus pass at transport office with ID proof."
are bus routes covering nearby towns,transport,"Bus routes cover most nearby towns and cities."
how much is bus fare,transport,"Bus fare varies by distance; subsidized for students."
can I use my own vehicle,transport,"Students can bring vehicles; parking permits required."
is there pickup and drop service,transport,"College offers pickup and drop service on select routes."
are there night buses,transport,"Night bus services are limited; check schedule."
how to report transport issues,transport,"Contact transport office or use online portal."
is transport facility mandatory,transport,"Transport is optional; students may arrange own commute."
can I change bus route,transport,"Route changes possible with transport office approval."
are electric vehicles used,transport,"Some electric buses deployed as eco-friendly initiative."
is parking free,transport,"Parking is free with valid permit."
how to get vehicle parking permit,transport,"Apply at admin office and submit vehicle details."
can outsiders use college transport,transport,"College transport meant for students and staff only."
is carpooling encouraged,transport,"Carpooling is supported; sign up through student portal."
are transport facilities COVID-safe,transport,"Transport follows safety protocols for health."
how frequent are buses,transport,"Buses run every 15-30 minutes during peak hours."
how to reach college from railway station,transport,"Auto, bus, and taxi services connect railway station to college."
can I get transport for handicapped,transport,"Special transport provided for differently-abled students."
is there a bike rental service,transport,"Bike rentals available nearby; not managed by college."
are transport timings fixed,transport,"Timings fixed but may adjust during holidays."
how to complain about transport delays,transport,"Use transport office hotline or online feedback form."
does college provide taxi service,transport,"Taxi service available only for emergencies."
what is nearest bus stop,transport,"Nearest bus stop is 200 meters from college gates."
can I get refunded for unused bus pass,transport,"Refund policies vary; check with transport office."
how to report lost items in transport,transport,"Report lost items immediately to the bus conductor."
are transport facilities free for interns,transport,"Interns pay nominal charges for transport."
can I bring my own vehicle to campus,transport,"Personal vehicles allowed with registration and permit."
are there designated drop off points,transport,"Designated points for safe drop-off and pick-up."
how to apply for transport subsidy,transport,"Subsidy applications accepted with supporting documents."
is there parking for two-wheelers,transport,"Two-wheeler parking is provided separately."
how to check bus route online,transport,"Bus routes and schedule available on website."
can I get transport pass for only one route,transport,"Partial route passes available; inquire accordingly."
is there a taxi stand on campus,transport,"No official taxi stand inside campus."

who is the HOD of CSE,faculty,"The current HOD of CSE is Dr. Nagaraju Devarakonda."
list of faculty in ECE,faculty,"You can view all faculty members on the ECE department page."
who is the dean of college,faculty,"The Dean of the college is Dr. Anitha Kumari."
can I contact faculty,faculty,"Yes, faculty contact details are available on the department page."
faculty office hours,faculty,"Faculty office hours are listed on the website."
who teaches AI,faculty,"AI is currently taught by Dr. Suresh Babu."
faculty for mathematics,faculty,"Mathematics faculty list is available on the mathematics department page."
faculty email id,faculty,"Faculty email IDs are mentioned in the staff directory."
who is the warden for hostel,faculty,"The hostel warden is Mr. Ravi Kumar."
faculty research interests,faculty,"Research interests of faculty are listed on department profiles."
how to book appointment with faculty,faculty,"Book appointments via email or department office."
are faculty available on weekends,faculty,"Availability varies; check individual schedules."
faculty phone numbers,faculty,"Phone extension numbers are public on department pages."
who teaches mechanical engineering,faculty,"Prof. Anil Kumar leads mechanical engineering courses."
who is the head of MBA department,faculty,"Dr. Meena Reddy is the MBA department head."
how to report faculty misconduct,faculty,"Report to student affairs or academic office confidentially."
can faculty guide projects,faculty,"Faculty members guide student projects actively."
who is the new faculty in ECE,faculty,"Recent faculty additions listed on website."
faculty qualifications,faculty,"Most faculty have PhDs and industry experience."
can I get faculty feedback,faculty,"Feedback forms available after courses."
how to contact faculty for research,faculty,"Email faculty directly with research proposals."
who is visiting professor,faculty,"Visiting professors are announced each semester."
faculty publications,faculty,"Faculty publications accessible via department pages."
do faculty hold office hours,faculty,"Yes, office hours are posted online."
what is faculty ratio,faculty,"Student-faculty ratio is approximately 15:1."
how to nominate faculty for awards,faculty,"Nomination forms are available in academic office."
who is faculty coordinator for clubs,faculty,"Faculty coordinators appointed per club."
will faculty help in internships,faculty,"Faculty assist in internship placements."
how to request academic help from faculty,faculty,"Contact faculty during office hours or via email."
who is research advisor,faculty,"Research advisors assigned to postgraduate students."
are faculty members accessible online,faculty,"Faculty accessible via email and portals."
faculty meeting schedule,faculty,"Meeting schedules shared with students in advance."
can faculty extend deadlines,faculty,"Extensions granted under valid reasons."
who is in charge of student welfare,faculty,"Student welfare overseen by dedicated faculty members."
do faculty conduct guest lectures,faculty,"Guest lectures arranged regularly by faculty."
how to find faculty CVs,faculty,"Faculty CVs are on department resource pages."
are faculty involved in consultancy,faculty,"Some faculty engage in consultancy work."
can I suggest topics to faculty,faculty,"Suggestions welcomed and discussed during meetings."
who is faculty mentor for first-year,faculty,"Mentors assigned at orientation."
faculty involvement in curriculum design,faculty,"Faculty actively design and update curriculum."
how to give feedback about faculty,faculty,"Feedback can be submitted anonymously online."

what companies come for placement,placement,"Companies like TCS, Infosys, Wipro, and HCL visit for placements."
what is the average package,placement,"The average package is around 4.5 LPA."
how to apply for placements,placement,"Placement registration starts in the final year. You can register through the placement portal."
are internships provided,placement,"Yes, internships are provided during semesters as part of the curriculum."
placement training sessions,placement,"Aptitude and skills training sessions are regularly conducted."
highest package offered,placement,"The highest package in recent years is 20 LPA."
placement cell contact,placement,"Placement cell details are available on the placement section."
what is eligibility for placement,placement,"Students must clear all exams to be eligible for placement."
placement brochure,placement,"Placement brochure is available on the website."
does placement guarantee a job,placement,"Placement is based on performance and interview results."
when does placement season start,placement,"Placement season usually starts in the final semester."
how to register for placement drive,placement,"Register through the placement portal before the deadline."
are off-campus placements allowed,placement,"Off-campus placements are permitted with approval."
what support is given for resume preparation,placement,"Resume workshops and templates provided by placement cell."
do companies come for internships,placement,"Many companies offer internships through placement cell."
what is the role of placement coordinator,placement,"Placement coordinators organize drives and student registrations."
can alumni participate in placements,placement,"Alumni may refer companies or participate in drives."
are placement sessions in online mode,placement,"Some placement activities conducted online."
how many companies visit annually,placement,"Typically 40-50 companies visit each year."
how is placement performance tracked,placement,"Placement stats updated regularly and maintained by cell."
do companies offer PPOs,placement,"Pre-placement offers (PPOs) are common."
how to prepare for placement interview,placement,"Mock interviews and training sessions available."
placement dress code,placement,"Formal attire is required for placement drives."
are attention sessions conducted for placements,placement,"Yes, technical and soft skills sessions are conducted."
how to get placement certificate,placement,"Certificates issued post successful placement."
can I refuse a company offer,placement,"Offers can be declined as per policy."
what is the campus placement policy,placement,"Policy available on college website."
can I apply for placements if I have backlog,placement,"Backlogs affect eligibility; check placement criteria."
do foreign companies visit,placement,"Occasionally, foreign companies participate in placement drives."
what is the lowest package offered,placement,"Lowest package depends on company and role."
how to request placement help,placement,"Contact placement office or mentors."
what facilities are there for placement training,placement,"Training labs and online resources provided."
can placement cell arrange internships abroad,placement,"Some international internships are arranged."
are placements open to all courses,placement,"Most placements for technical and management courses."
how many students get placed,placement,"Typically over 80% placement rate."
how to prepare group discussion,placement,"GD preparation sessions offered regularly."
do companies take technical tests,placement,"Written tests or online assessments common."
how to get placement details,placement,"Visit placement cell or website."
can I suggest a company for placement,placement,"Suggestions accepted by placement office."
what kind of roles offered in placements,placement,"Roles include developer, analyst, consultant, and more."
can final year students join placement cell,placement,"Yes, student volunteers are welcome."
are placements conducted in multiple phases,placement,"Placements occur in multiple phases each year."
is there any placement fee,placement,"Placement services are free for students."
what is the role of alumni in placements,placement,"Alumni provide mentorship and referral support."
can I get placement if I am from lateral entry,placement,"Lateral entry students eligible for placement."
do companies provide job offers based on internships,placement,"Internships often lead to job offers."


